{"train/loss": 1.6172, "train/grad_norm": 1.8744137696900636, "train/learning_rate": 1.999856437868275e-05, "train/epoch": 0.01, "train/global_step": 5, "_timestamp": 1712996173.3366735, "_runtime": 108.06385540962219, "_step": 4}