{"train/loss": 1.1901, "train/grad_norm": 0.7880988306104084, "train/learning_rate": 0.0, "train/epoch": 1.0, "train/global_step": 127, "_timestamp": 1712427290.3675401, "_runtime": 2454.092698097229, "_step": 127, "train/train_runtime": 2458.4852, "train/train_samples_per_second": 1.231, "train/train_steps_per_second": 0.052, "train/total_flos": 27153722769408.0, "train/train_loss": 1.5240732037176297, "_wandb": {"runtime": 2478}}