{"train/loss": 1.5117, "train/grad_norm": 0.4897007935511301, "train/learning_rate": 0.0, "train/epoch": 1.0, "train/global_step": 1053, "_timestamp": 1713024147.6961179, "_runtime": 22388.7880089283, "_step": 1053, "train/train_runtime": 22392.1599, "train/train_samples_per_second": 2.257, "train/train_steps_per_second": 0.047, "train/total_flos": 450281418522624.0, "train/train_loss": 1.6259682158119657, "_wandb": {"runtime": 22404}}