{"train/loss": 1.4023, "train/grad_norm": 0.6069205734240422, "train/learning_rate": 0.0, "train/epoch": 1.0, "train/global_step": 464, "_timestamp": 1713093858.7246494, "_runtime": 7892.048610448837, "_step": 464, "train/train_runtime": 7895.8347, "train/train_samples_per_second": 1.878, "train/train_steps_per_second": 0.059, "train/total_flos": 132276402782208.0, "train/train_loss": 1.6260144463900863, "_wandb": {"runtime": 7915}}