{"train/loss": 1.4375, "train/grad_norm": 0.6356425469113026, "train/learning_rate": 0.0, "train/epoch": 1.0, "train/global_step": 105, "_timestamp": 1712429475.6234355, "_runtime": 2018.426819562912, "_step": 105, "train/train_runtime": 2023.2302, "train/train_samples_per_second": 1.243, "train/train_steps_per_second": 0.052, "train/total_flos": 22449928273920.0, "train/train_loss": 1.5198909135091871, "_wandb": {"runtime": 2034}}